,PlateNumber,Well Number,Inoculant_x,Condition_x,Experimental Conditions,Organic Acid,Detection Method,Concentration (g/L) from Made,Concentration (g/L) from Other Sources,Initial Concentration (g/L),HPLC Measured Concentration (g/L),Blank (g/L),HPLC Measured Concentration (g/L) - Blanked,Experiment,Inoculant_y,Condition_y,OD,OD Dilution Corrected,OD-Blank,OD Dilution Corrected-Blank,Final - Initial Concentration (g/L)
0,plate-01,A01,LR0019,cond000,LR0019 Media-00261 0.6,"1,2-propanediol",RI,0.0,0.0,0.0,0.0,0.0,0.0,exp-741748223893,LR0019,cond000,0.14313332550227642,2.8626665100455284,0.04216666705906391,0.8433333411812782,0.0
1,plate-01,A01,LR0019,cond000,LR0019 Media-00261 0.6,acetate,210nm,0.59946909,0.0,0.59946909,3.72860814151174,0.0,3.72860814151174,exp-741748223893,LR0019,cond000,0.14313332550227642,2.8626665100455284,0.04216666705906391,0.8433333411812782,3.12913905151174
2,plate-01,A01,LR0019,cond000,LR0019 Media-00261 0.6,acetate,RI,0.59946909,0.0,0.59946909,4.00028042544007,0.0,4.00028042544007,exp-741748223893,LR0019,cond000,0.14313332550227642,2.8626665100455284,0.04216666705906391,0.8433333411812782,3.40081133544007
3,plate-01,A01,LR0019,cond000,LR0019 Media-00261 0.6,ethanol,RI,0.0,0.0,0.0,0.203479731366297,0.0,0.203479731366297,exp-741748223893,LR0019,cond000,0.14313332550227642,2.8626665100455284,0.04216666705906391,0.8433333411812782,0.203479731366297
4,plate-01,A01,LR0019,cond000,LR0019 Media-00261 0.6,galactose,RI,0.0,0.0,0.0,4.488748939503,0.0,4.488748939503,exp-741748223893,LR0019,cond000,0.14313332550227642,2.8626665100455284,0.04216666705906391,0.8433333411812782,4.488748939503
5,plate-01,A01,LR0019,cond000,LR0019 Media-00261 0.6,glucose,RI,0.0,0.0,0.0,2.02392114651965,0.0,2.02392114651965,exp-741748223893,LR0019,cond000,0.14313332550227642,2.8626665100455284,0.04216666705906391,0.8433333411812782,2.02392114651965
6,plate-01,A01,LR0019,cond000,LR0019 Media-00261 0.6,glycerol,RI,1.83865671,0.0,1.83865671,0.0,0.0,0.0,exp-741748223893,LR0019,cond000,0.14313332550227642,2.8626665100455284,0.04216666705906391,0.8433333411812782,-1.83865671
7,plate-01,A01,LR0019,cond000,LR0019 Media-00261 0.6,isovalerate,210nm,0.0,0.0,0.0,0.0,0.0,0.0,exp-741748223893,LR0019,cond000,0.14313332550227642,2.8626665100455284,0.04216666705906391,0.8433333411812782,0.0
8,plate-01,A01,LR0019,cond000,LR0019 Media-00261 0.6,isovalerate,RI,0.0,0.0,0.0,0.35755123520839,0.0,0.35755123520839,exp-741748223893,LR0019,cond000,0.14313332550227642,2.8626665100455284,0.04216666705906391,0.8433333411812782,0.35755123520839
9,plate-01,A01,LR0019,cond000,LR0019 Media-00261 0.6,lactate,210nm,0.0,0.0,0.0,32.0259886930764,0.0,32.0259886930764,exp-741748223893,LR0019,cond000,0.14313332550227642,2.8626665100455284,0.04216666705906391,0.8433333411812782,32.0259886930764
10,plate-01,A01,LR0019,cond000,LR0019 Media-00261 0.6,lactate,RI,0.0,0.0,0.0,34.3699293217675,0.0,34.3699293217675,exp-741748223893,LR0019,cond000,0.14313332550227642,2.8626665100455284,0.04216666705906391,0.8433333411812782,34.3699293217675
11,plate-01,A01,LR0019,cond000,LR0019 Media-00261 0.6,lactose,RI,0.0,0.0,0.0,7.26287697193705,0.0,7.26287697193705,exp-741748223893,LR0019,cond000,0.14313332550227642,2.8626665100455284,0.04216666705906391,0.8433333411812782,7.26287697193705
12,plate-01,A01,LR0019,cond000,LR0019 Media-00261 0.6,n-butanol,RI,0.0,0.0,0.0,0.0,0.0,0.0,exp-741748223893,LR0019,cond000,0.14313332550227642,2.8626665100455284,0.04216666705906391,0.8433333411812782,0.0
13,plate-01,A01,LR0019,cond000,LR0019 Media-00261 0.6,n-propanol,RI,0.0,0.0,0.0,3.13311323116001,0.0,3.13311323116001,exp-741748223893,LR0019,cond000,0.14313332550227642,2.8626665100455284,0.04216666705906391,0.8433333411812782,3.13311323116001
14,plate-01,A01,LR0019,cond000,LR0019 Media-00261 0.6,propionate,210nm,0.0,0.0,0.0,2.21866213356901,0.32395357529186,1.8947085582771503,exp-741748223893,LR0019,cond000,0.14313332550227642,2.8626665100455284,0.04216666705906391,0.8433333411812782,1.8947085582771503
15,plate-01,A01,LR0019,cond000,LR0019 Media-00261 0.6,propionate,RI,0.0,0.0,0.0,0.0,0.0,0.0,exp-741748223893,LR0019,cond000,0.14313332550227642,2.8626665100455284,0.04216666705906391,0.8433333411812782,0.0
16,plate-01,A01,LR0019,cond000,LR0019 Media-00261 0.6,succinate,210nm,0.0,0.0,0.0,2.08492407539843,0.0,2.08492407539843,exp-741748223893,LR0019,cond000,0.14313332550227642,2.8626665100455284,0.04216666705906391,0.8433333411812782,2.08492407539843
17,plate-01,A01,LR0019,cond000,LR0019 Media-00261 0.6,succinate,RI,0.0,0.0,0.0,1.83755730692277,0.0,1.83755730692277,exp-741748223893,LR0019,cond000,0.14313332550227642,2.8626665100455284,0.04216666705906391,0.8433333411812782,1.83755730692277
18,plate-01,A01,LR0019,cond000,LR0019 Media-00261 0.6,valerate,210nm,0.0,0.0,0.0,0.0,0.0,0.0,exp-741748223893,LR0019,cond000,0.14313332550227642,2.8626665100455284,0.04216666705906391,0.8433333411812782,0.0
19,plate-01,A01,LR0019,cond000,LR0019 Media-00261 0.6,valerate,RI,0.0,0.0,0.0,0.0,0.0,0.0,exp-741748223893,LR0019,cond000,0.14313332550227642,2.8626665100455284,0.04216666705906391,0.8433333411812782,0.0
20,plate-01,B01,LR0019,cond000,LR0019 Media-00261 0.6,"1,2-propanediol",RI,0.0,0.0,0.0,0.0,0.0,0.0,exp-741748223893,LR0019,cond000,0.12343333475291729,2.468666695058346,0.04216666705906391,0.8433333411812782,0.0
21,plate-01,B01,LR0019,cond000,LR0019 Media-00261 0.6,acetate,210nm,0.59946909,0.0,0.59946909,3.78029213278467,0.0,3.78029213278467,exp-741748223893,LR0019,cond000,0.12343333475291729,2.468666695058346,0.04216666705906391,0.8433333411812782,3.18082304278467
22,plate-01,B01,LR0019,cond000,LR0019 Media-00261 0.6,acetate,RI,0.59946909,0.0,0.59946909,3.90391520300352,0.0,3.90391520300352,exp-741748223893,LR0019,cond000,0.12343333475291729,2.468666695058346,0.04216666705906391,0.8433333411812782,3.30444611300352
23,plate-01,B01,LR0019,cond000,LR0019 Media-00261 0.6,ethanol,RI,0.0,0.0,0.0,1.27429266264765,0.0,1.27429266264765,exp-741748223893,LR0019,cond000,0.12343333475291729,2.468666695058346,0.04216666705906391,0.8433333411812782,1.27429266264765
24,plate-01,B01,LR0019,cond000,LR0019 Media-00261 0.6,galactose,RI,0.0,0.0,0.0,5.05424578654067,0.0,5.05424578654067,exp-741748223893,LR0019,cond000,0.12343333475291729,2.468666695058346,0.04216666705906391,0.8433333411812782,5.05424578654067
25,plate-01,B01,LR0019,cond000,LR0019 Media-00261 0.6,glucose,RI,0.0,0.0,0.0,3.48750465952584,0.0,3.48750465952584,exp-741748223893,LR0019,cond000,0.12343333475291729,2.468666695058346,0.04216666705906391,0.8433333411812782,3.48750465952584
26,plate-01,B01,LR0019,cond000,LR0019 Media-00261 0.6,glycerol,RI,1.83865671,0.0,1.83865671,0.0,0.0,0.0,exp-741748223893,LR0019,cond000,0.12343333475291729,2.468666695058346,0.04216666705906391,0.8433333411812782,-1.83865671
27,plate-01,B01,LR0019,cond000,LR0019 Media-00261 0.6,isovalerate,210nm,0.0,0.0,0.0,0.0,0.0,0.0,exp-741748223893,LR0019,cond000,0.12343333475291729,2.468666695058346,0.04216666705906391,0.8433333411812782,0.0
28,plate-01,B01,LR0019,cond000,LR0019 Media-00261 0.6,isovalerate,RI,0.0,0.0,0.0,0.235455620035016,0.0,0.235455620035016,exp-741748223893,LR0019,cond000,0.12343333475291729,2.468666695058346,0.04216666705906391,0.8433333411812782,0.235455620035016
29,plate-01,B01,LR0019,cond000,LR0019 Media-00261 0.6,lactate,210nm,0.0,0.0,0.0,31.0214138877005,0.0,31.0214138877005,exp-741748223893,LR0019,cond000,0.12343333475291729,2.468666695058346,0.04216666705906391,0.8433333411812782,31.0214138877005
30,plate-01,B01,LR0019,cond000,LR0019 Media-00261 0.6,lactate,RI,0.0,0.0,0.0,33.3619787755685,0.0,33.3619787755685,exp-741748223893,LR0019,cond000,0.12343333475291729,2.468666695058346,0.04216666705906391,0.8433333411812782,33.3619787755685
31,plate-01,B01,LR0019,cond000,LR0019 Media-00261 0.6,lactose,RI,0.0,0.0,0.0,7.96947607264826,0.0,7.96947607264826,exp-741748223893,LR0019,cond000,0.12343333475291729,2.468666695058346,0.04216666705906391,0.8433333411812782,7.96947607264826
32,plate-01,B01,LR0019,cond000,LR0019 Media-00261 0.6,n-butanol,RI,0.0,0.0,0.0,0.0,0.0,0.0,exp-741748223893,LR0019,cond000,0.12343333475291729,2.468666695058346,0.04216666705906391,0.8433333411812782,0.0
33,plate-01,B01,LR0019,cond000,LR0019 Media-00261 0.6,n-propanol,RI,0.0,0.0,0.0,0.0,0.0,0.0,exp-741748223893,LR0019,cond000,0.12343333475291729,2.468666695058346,0.04216666705906391,0.8433333411812782,0.0
34,plate-01,B01,LR0019,cond000,LR0019 Media-00261 0.6,propionate,210nm,0.0,0.0,0.0,2.12333939108089,0.32395357529186,1.7993858157890301,exp-741748223893,LR0019,cond000,0.12343333475291729,2.468666695058346,0.04216666705906391,0.8433333411812782,1.7993858157890301
35,plate-01,B01,LR0019,cond000,LR0019 Media-00261 0.6,propionate,RI,0.0,0.0,0.0,0.0,0.0,0.0,exp-741748223893,LR0019,cond000,0.12343333475291729,2.468666695058346,0.04216666705906391,0.8433333411812782,0.0
36,plate-01,B01,LR0019,cond000,LR0019 Media-00261 0.6,succinate,210nm,0.0,0.0,0.0,2.11692051575257,0.0,2.11692051575257,exp-741748223893,LR0019,cond000,0.12343333475291729,2.468666695058346,0.04216666705906391,0.8433333411812782,2.11692051575257
37,plate-01,B01,LR0019,cond000,LR0019 Media-00261 0.6,succinate,RI,0.0,0.0,0.0,1.83493452385887,0.0,1.83493452385887,exp-741748223893,LR0019,cond000,0.12343333475291729,2.468666695058346,0.04216666705906391,0.8433333411812782,1.83493452385887
38,plate-01,B01,LR0019,cond000,LR0019 Media-00261 0.6,valerate,210nm,0.0,0.0,0.0,0.0,0.0,0.0,exp-741748223893,LR0019,cond000,0.12343333475291729,2.468666695058346,0.04216666705906391,0.8433333411812782,0.0
39,plate-01,B01,LR0019,cond000,LR0019 Media-00261 0.6,valerate,RI,0.0,0.0,0.0,0.412607990475899,0.0,0.412607990475899,exp-741748223893,LR0019,cond000,0.12343333475291729,2.468666695058346,0.04216666705906391,0.8433333411812782,0.412607990475899
40,plate-01,C01,LR0019,cond000,LR0019 Media-00261 0.6,"1,2-propanediol",RI,0.0,0.0,0.0,0.0,0.0,0.0,exp-741748223893,LR0019,cond000,0.13713332824409008,2.7426665648818016,0.04216666705906391,0.8433333411812782,0.0
41,plate-01,C01,LR0019,cond000,LR0019 Media-00261 0.6,acetate,210nm,0.59946909,0.0,0.59946909,3.91976490802835,0.0,3.91976490802835,exp-741748223893,LR0019,cond000,0.13713332824409008,2.7426665648818016,0.04216666705906391,0.8433333411812782,3.32029581802835
42,plate-01,C01,LR0019,cond000,LR0019 Media-00261 0.6,acetate,RI,0.59946909,0.0,0.59946909,4.0121100647224,0.0,4.0121100647224,exp-741748223893,LR0019,cond000,0.13713332824409008,2.7426665648818016,0.04216666705906391,0.8433333411812782,3.4126409747224
43,plate-01,C01,LR0019,cond000,LR0019 Media-00261 0.6,ethanol,RI,0.0,0.0,0.0,2.0823385249719,0.0,2.0823385249719,exp-741748223893,LR0019,cond000,0.13713332824409008,2.7426665648818016,0.04216666705906391,0.8433333411812782,2.0823385249719
44,plate-01,C01,LR0019,cond000,LR0019 Media-00261 0.6,galactose,RI,0.0,0.0,0.0,4.73419192066042,0.0,4.73419192066042,exp-741748223893,LR0019,cond000,0.13713332824409008,2.7426665648818016,0.04216666705906391,0.8433333411812782,4.73419192066042
45,plate-01,C01,LR0019,cond000,LR0019 Media-00261 0.6,glucose,RI,0.0,0.0,0.0,2.18241312874406,0.0,2.18241312874406,exp-741748223893,LR0019,cond000,0.13713332824409008,2.7426665648818016,0.04216666705906391,0.8433333411812782,2.18241312874406
46,plate-01,C01,LR0019,cond000,LR0019 Media-00261 0.6,glycerol,RI,1.83865671,0.0,1.83865671,0.0,0.0,0.0,exp-741748223893,LR0019,cond000,0.13713332824409008,2.7426665648818016,0.04216666705906391,0.8433333411812782,-1.83865671
47,plate-01,C01,LR0019,cond000,LR0019 Media-00261 0.6,isovalerate,210nm,0.0,0.0,0.0,0.0,0.0,0.0,exp-741748223893,LR0019,cond000,0.13713332824409008,2.7426665648818016,0.04216666705906391,0.8433333411812782,0.0
48,plate-01,C01,LR0019,cond000,LR0019 Media-00261 0.6,isovalerate,RI,0.0,0.0,0.0,0.283045994504544,0.0,0.283045994504544,exp-741748223893,LR0019,cond000,0.13713332824409008,2.7426665648818016,0.04216666705906391,0.8433333411812782,0.283045994504544
49,plate-01,C01,LR0019,cond000,LR0019 Media-00261 0.6,lactate,210nm,0.0,0.0,0.0,32.0054410677268,0.0,32.0054410677268,exp-741748223893,LR0019,cond000,0.13713332824409008,2.7426665648818016,0.04216666705906391,0.8433333411812782,32.0054410677268
50,plate-01,C01,LR0019,cond000,LR0019 Media-00261 0.6,lactate,RI,0.0,0.0,0.0,34.415474798919,0.0,34.415474798919,exp-741748223893,LR0019,cond000,0.13713332824409008,2.7426665648818016,0.04216666705906391,0.8433333411812782,34.415474798919
51,plate-01,C01,LR0019,cond000,LR0019 Media-00261 0.6,lactose,RI,0.0,0.0,0.0,8.10370619130172,0.0,8.10370619130172,exp-741748223893,LR0019,cond000,0.13713332824409008,2.7426665648818016,0.04216666705906391,0.8433333411812782,8.10370619130172
52,plate-01,C01,LR0019,cond000,LR0019 Media-00261 0.6,n-butanol,RI,0.0,0.0,0.0,0.0,0.0,0.0,exp-741748223893,LR0019,cond000,0.13713332824409008,2.7426665648818016,0.04216666705906391,0.8433333411812782,0.0
53,plate-01,C01,LR0019,cond000,LR0019 Media-00261 0.6,n-propanol,RI,0.0,0.0,0.0,2.52609912237693,0.0,2.52609912237693,exp-741748223893,LR0019,cond000,0.13713332824409008,2.7426665648818016,0.04216666705906391,0.8433333411812782,2.52609912237693
54,plate-01,C01,LR0019,cond000,LR0019 Media-00261 0.6,propionate,210nm,0.0,0.0,0.0,2.19110710341636,0.32395357529186,1.8671535281245002,exp-741748223893,LR0019,cond000,0.13713332824409008,2.7426665648818016,0.04216666705906391,0.8433333411812782,1.8671535281245002
55,plate-01,C01,LR0019,cond000,LR0019 Media-00261 0.6,propionate,RI,0.0,0.0,0.0,0.0,0.0,0.0,exp-741748223893,LR0019,cond000,0.13713332824409008,2.7426665648818016,0.04216666705906391,0.8433333411812782,0.0
56,plate-01,C01,LR0019,cond000,LR0019 Media-00261 0.6,succinate,210nm,0.0,0.0,0.0,2.11675845866165,0.0,2.11675845866165,exp-741748223893,LR0019,cond000,0.13713332824409008,2.7426665648818016,0.04216666705906391,0.8433333411812782,2.11675845866165
57,plate-01,C01,LR0019,cond000,LR0019 Media-00261 0.6,succinate,RI,0.0,0.0,0.0,1.75222730803852,0.0,1.75222730803852,exp-741748223893,LR0019,cond000,0.13713332824409008,2.7426665648818016,0.04216666705906391,0.8433333411812782,1.75222730803852
58,plate-01,C01,LR0019,cond000,LR0019 Media-00261 0.6,valerate,210nm,0.0,0.0,0.0,0.0,0.0,0.0,exp-741748223893,LR0019,cond000,0.13713332824409008,2.7426665648818016,0.04216666705906391,0.8433333411812782,0.0
59,plate-01,C01,LR0019,cond000,LR0019 Media-00261 0.6,valerate,RI,0.0,0.0,0.0,0.0,0.0,0.0,exp-741748223893,LR0019,cond000,0.13713332824409008,2.7426665648818016,0.04216666705906391,0.8433333411812782,0.0
60,plate-01,D01,LR0019,cond000,LR0019 Media-00261 0.6,"1,2-propanediol",RI,0.0,0.0,0.0,0.0,0.0,0.0,exp-741748223893,LR0019,cond000,0.12713333778083324,2.542666755616665,0.04216666705906391,0.8433333411812782,0.0
61,plate-01,D01,LR0019,cond000,LR0019 Media-00261 0.6,acetate,210nm,0.59946909,0.0,0.59946909,3.73063992865924,0.0,3.73063992865924,exp-741748223893,LR0019,cond000,0.12713333778083324,2.542666755616665,0.04216666705906391,0.8433333411812782,3.1311708386592403
62,plate-01,D01,LR0019,cond000,LR0019 Media-00261 0.6,acetate,RI,0.59946909,0.0,0.59946909,3.89023840070469,0.0,3.89023840070469,exp-741748223893,LR0019,cond000,0.12713333778083324,2.542666755616665,0.04216666705906391,0.8433333411812782,3.29076931070469
63,plate-01,D01,LR0019,cond000,LR0019 Media-00261 0.6,ethanol,RI,0.0,0.0,0.0,1.48203545648442,0.0,1.48203545648442,exp-741748223893,LR0019,cond000,0.12713333778083324,2.542666755616665,0.04216666705906391,0.8433333411812782,1.48203545648442
64,plate-01,D01,LR0019,cond000,LR0019 Media-00261 0.6,galactose,RI,0.0,0.0,0.0,4.86580146296302,0.0,4.86580146296302,exp-741748223893,LR0019,cond000,0.12713333778083324,2.542666755616665,0.04216666705906391,0.8433333411812782,4.86580146296302
65,plate-01,D01,LR0019,cond000,LR0019 Media-00261 0.6,glucose,RI,0.0,0.0,0.0,3.32375533709971,0.0,3.32375533709971,exp-741748223893,LR0019,cond000,0.12713333778083324,2.542666755616665,0.04216666705906391,0.8433333411812782,3.32375533709971
66,plate-01,D01,LR0019,cond000,LR0019 Media-00261 0.6,glycerol,RI,1.83865671,0.0,1.83865671,0.0,0.0,0.0,exp-741748223893,LR0019,cond000,0.12713333778083324,2.542666755616665,0.04216666705906391,0.8433333411812782,-1.83865671
67,plate-01,D01,LR0019,cond000,LR0019 Media-00261 0.6,isovalerate,210nm,0.0,0.0,0.0,0.0,0.0,0.0,exp-741748223893,LR0019,cond000,0.12713333778083324,2.542666755616665,0.04216666705906391,0.8433333411812782,0.0
68,plate-01,D01,LR0019,cond000,LR0019 Media-00261 0.6,isovalerate,RI,0.0,0.0,0.0,0.246873726947408,0.0,0.246873726947408,exp-741748223893,LR0019,cond000,0.12713333778083324,2.542666755616665,0.04216666705906391,0.8433333411812782,0.246873726947408
69,plate-01,D01,LR0019,cond000,LR0019 Media-00261 0.6,lactate,210nm,0.0,0.0,0.0,30.7681645350856,0.0,30.7681645350856,exp-741748223893,LR0019,cond000,0.12713333778083324,2.542666755616665,0.04216666705906391,0.8433333411812782,30.7681645350856
70,plate-01,D01,LR0019,cond000,LR0019 Media-00261 0.6,lactate,RI,0.0,0.0,0.0,32.9304070094801,0.0,32.9304070094801,exp-741748223893,LR0019,cond000,0.12713333778083324,2.542666755616665,0.04216666705906391,0.8433333411812782,32.9304070094801
71,plate-01,D01,LR0019,cond000,LR0019 Media-00261 0.6,lactose,RI,0.0,0.0,0.0,7.56162196082667,0.0,7.56162196082667,exp-741748223893,LR0019,cond000,0.12713333778083324,2.542666755616665,0.04216666705906391,0.8433333411812782,7.56162196082667
72,plate-01,D01,LR0019,cond000,LR0019 Media-00261 0.6,n-butanol,RI,0.0,0.0,0.0,0.0,0.0,0.0,exp-741748223893,LR0019,cond000,0.12713333778083324,2.542666755616665,0.04216666705906391,0.8433333411812782,0.0
73,plate-01,D01,LR0019,cond000,LR0019 Media-00261 0.6,n-propanol,RI,0.0,0.0,0.0,2.29776378665138,0.0,2.29776378665138,exp-741748223893,LR0019,cond000,0.12713333778083324,2.542666755616665,0.04216666705906391,0.8433333411812782,2.29776378665138
74,plate-01,D01,LR0019,cond000,LR0019 Media-00261 0.6,propionate,210nm,0.0,0.0,0.0,2.09049860735043,0.32395357529186,1.7665450320585703,exp-741748223893,LR0019,cond000,0.12713333778083324,2.542666755616665,0.04216666705906391,0.8433333411812782,1.7665450320585703
75,plate-01,D01,LR0019,cond000,LR0019 Media-00261 0.6,propionate,RI,0.0,0.0,0.0,0.0,0.0,0.0,exp-741748223893,LR0019,cond000,0.12713333778083324,2.542666755616665,0.04216666705906391,0.8433333411812782,0.0
76,plate-01,D01,LR0019,cond000,LR0019 Media-00261 0.6,succinate,210nm,0.0,0.0,0.0,2.06690122027348,0.0,2.06690122027348,exp-741748223893,LR0019,cond000,0.12713333778083324,2.542666755616665,0.04216666705906391,0.8433333411812782,2.06690122027348
77,plate-01,D01,LR0019,cond000,LR0019 Media-00261 0.6,succinate,RI,0.0,0.0,0.0,1.69400808097758,0.0,1.69400808097758,exp-741748223893,LR0019,cond000,0.12713333778083324,2.542666755616665,0.04216666705906391,0.8433333411812782,1.69400808097758
78,plate-01,D01,LR0019,cond000,LR0019 Media-00261 0.6,valerate,210nm,0.0,0.0,0.0,0.0,0.0,0.0,exp-741748223893,LR0019,cond000,0.12713333778083324,2.542666755616665,0.04216666705906391,0.8433333411812782,0.0
79,plate-01,D01,LR0019,cond000,LR0019 Media-00261 0.6,valerate,RI,0.0,0.0,0.0,0.0,0.0,0.0,exp-741748223893,LR0019,cond000,0.12713333778083324,2.542666755616665,0.04216666705906391,0.8433333411812782,0.0
80,plate-01,E01,LR0019,cond000,LR0019 Media-00261 0.6,"1,2-propanediol",RI,0.0,0.0,0.0,0.0,0.0,0.0,exp-741748223893,LR0019,cond000,0.1235333364456892,2.470666728913784,0.04216666705906391,0.8433333411812782,0.0
81,plate-01,E01,LR0019,cond000,LR0019 Media-00261 0.6,acetate,210nm,0.59946909,0.0,0.59946909,3.97747259643034,0.0,3.97747259643034,exp-741748223893,LR0019,cond000,0.1235333364456892,2.470666728913784,0.04216666705906391,0.8433333411812782,3.37800350643034
82,plate-01,E01,LR0019,cond000,LR0019 Media-00261 0.6,acetate,RI,0.59946909,0.0,0.59946909,3.9727455190577,0.0,3.9727455190577,exp-741748223893,LR0019,cond000,0.1235333364456892,2.470666728913784,0.04216666705906391,0.8433333411812782,3.3732764290577
83,plate-01,E01,LR0019,cond000,LR0019 Media-00261 0.6,ethanol,RI,0.0,0.0,0.0,2.01668436481531,0.0,2.01668436481531,exp-741748223893,LR0019,cond000,0.1235333364456892,2.470666728913784,0.04216666705906391,0.8433333411812782,2.01668436481531
84,plate-01,E01,LR0019,cond000,LR0019 Media-00261 0.6,galactose,RI,0.0,0.0,0.0,5.12178933348387,0.0,5.12178933348387,exp-741748223893,LR0019,cond000,0.1235333364456892,2.470666728913784,0.04216666705906391,0.8433333411812782,5.12178933348387
85,plate-01,E01,LR0019,cond000,LR0019 Media-00261 0.6,glucose,RI,0.0,0.0,0.0,2.66631040135378,0.0,2.66631040135378,exp-741748223893,LR0019,cond000,0.1235333364456892,2.470666728913784,0.04216666705906391,0.8433333411812782,2.66631040135378
86,plate-01,E01,LR0019,cond000,LR0019 Media-00261 0.6,glycerol,RI,1.83865671,0.0,1.83865671,0.0,0.0,0.0,exp-741748223893,LR0019,cond000,0.1235333364456892,2.470666728913784,0.04216666705906391,0.8433333411812782,-1.83865671
87,plate-01,E01,LR0019,cond000,LR0019 Media-00261 0.6,isovalerate,210nm,0.0,0.0,0.0,0.0,0.0,0.0,exp-741748223893,LR0019,cond000,0.1235333364456892,2.470666728913784,0.04216666705906391,0.8433333411812782,0.0
88,plate-01,E01,LR0019,cond000,LR0019 Media-00261 0.6,isovalerate,RI,0.0,0.0,0.0,0.291636135520727,0.0,0.291636135520727,exp-741748223893,LR0019,cond000,0.1235333364456892,2.470666728913784,0.04216666705906391,0.8433333411812782,0.291636135520727
89,plate-01,E01,LR0019,cond000,LR0019 Media-00261 0.6,lactate,210nm,0.0,0.0,0.0,30.04184206844,0.0,30.04184206844,exp-741748223893,LR0019,cond000,0.1235333364456892,2.470666728913784,0.04216666705906391,0.8433333411812782,30.04184206844
90,plate-01,E01,LR0019,cond000,LR0019 Media-00261 0.6,lactate,RI,0.0,0.0,0.0,32.118121059938,0.0,32.118121059938,exp-741748223893,LR0019,cond000,0.1235333364456892,2.470666728913784,0.04216666705906391,0.8433333411812782,32.118121059938
91,plate-01,E01,LR0019,cond000,LR0019 Media-00261 0.6,lactose,RI,0.0,0.0,0.0,9.79439412268415,0.0,9.79439412268415,exp-741748223893,LR0019,cond000,0.1235333364456892,2.470666728913784,0.04216666705906391,0.8433333411812782,9.79439412268415
92,plate-01,E01,LR0019,cond000,LR0019 Media-00261 0.6,n-butanol,RI,0.0,0.0,0.0,0.0,0.0,0.0,exp-741748223893,LR0019,cond000,0.1235333364456892,2.470666728913784,0.04216666705906391,0.8433333411812782,0.0
93,plate-01,E01,LR0019,cond000,LR0019 Media-00261 0.6,n-propanol,RI,0.0,0.0,0.0,0.0,0.0,0.0,exp-741748223893,LR0019,cond000,0.1235333364456892,2.470666728913784,0.04216666705906391,0.8433333411812782,0.0
94,plate-01,E01,LR0019,cond000,LR0019 Media-00261 0.6,propionate,210nm,0.0,0.0,0.0,2.06889484938588,0.32395357529186,1.7449412740940202,exp-741748223893,LR0019,cond000,0.1235333364456892,2.470666728913784,0.04216666705906391,0.8433333411812782,1.7449412740940202
95,plate-01,E01,LR0019,cond000,LR0019 Media-00261 0.6,propionate,RI,0.0,0.0,0.0,0.0,0.0,0.0,exp-741748223893,LR0019,cond000,0.1235333364456892,2.470666728913784,0.04216666705906391,0.8433333411812782,0.0
96,plate-01,E01,LR0019,cond000,LR0019 Media-00261 0.6,succinate,210nm,0.0,0.0,0.0,2.10988226334912,0.0,2.10988226334912,exp-741748223893,LR0019,cond000,0.1235333364456892,2.470666728913784,0.04216666705906391,0.8433333411812782,2.10988226334912
97,plate-01,E01,LR0019,cond000,LR0019 Media-00261 0.6,succinate,RI,0.0,0.0,0.0,1.76644560236957,0.0,1.76644560236957,exp-741748223893,LR0019,cond000,0.1235333364456892,2.470666728913784,0.04216666705906391,0.8433333411812782,1.76644560236957
98,plate-01,E01,LR0019,cond000,LR0019 Media-00261 0.6,valerate,210nm,0.0,0.0,0.0,0.0,0.0,0.0,exp-741748223893,LR0019,cond000,0.1235333364456892,2.470666728913784,0.04216666705906391,0.8433333411812782,0.0
99,plate-01,E01,LR0019,cond000,LR0019 Media-00261 0.6,valerate,RI,0.0,0.0,0.0,0.148650552001028,0.0,0.148650552001028,exp-741748223893,LR0019,cond000,0.1235333364456892,2.470666728913784,0.04216666705906391,0.8433333411812782,0.148650552001028
100,plate-01,F01,LR0019,cond000,LR0019 Media-00261 0.6,"1,2-propanediol",RI,0.0,0.0,0.0,0.0,0.0,0.0,exp-741748223893,LR0019,cond000,0.11753333918750286,2.350666783750057,0.04216666705906391,0.8433333411812782,0.0
101,plate-01,F01,LR0019,cond000,LR0019 Media-00261 0.6,acetate,210nm,0.59946909,0.0,0.59946909,3.63850195175294,0.0,3.63850195175294,exp-741748223893,LR0019,cond000,0.11753333918750286,2.350666783750057,0.04216666705906391,0.8433333411812782,3.03903286175294
102,plate-01,F01,LR0019,cond000,LR0019 Media-00261 0.6,acetate,RI,0.59946909,0.0,0.59946909,3.6133981297018,0.0,3.6133981297018,exp-741748223893,LR0019,cond000,0.11753333918750286,2.350666783750057,0.04216666705906391,0.8433333411812782,3.0139290397018
103,plate-01,F01,LR0019,cond000,LR0019 Media-00261 0.6,ethanol,RI,0.0,0.0,0.0,0.84277708733569,0.0,0.84277708733569,exp-741748223893,LR0019,cond000,0.11753333918750286,2.350666783750057,0.04216666705906391,0.8433333411812782,0.84277708733569
104,plate-01,F01,LR0019,cond000,LR0019 Media-00261 0.6,galactose,RI,0.0,0.0,0.0,4.99062700823971,0.0,4.99062700823971,exp-741748223893,LR0019,cond000,0.11753333918750286,2.350666783750057,0.04216666705906391,0.8433333411812782,4.99062700823971
105,plate-01,F01,LR0019,cond000,LR0019 Media-00261 0.6,glucose,RI,0.0,0.0,0.0,2.61557415970301,0.0,2.61557415970301,exp-741748223893,LR0019,cond000,0.11753333918750286,2.350666783750057,0.04216666705906391,0.8433333411812782,2.61557415970301
106,plate-01,F01,LR0019,cond000,LR0019 Media-00261 0.6,glycerol,RI,1.83865671,0.0,1.83865671,0.0,0.0,0.0,exp-741748223893,LR0019,cond000,0.11753333918750286,2.350666783750057,0.04216666705906391,0.8433333411812782,-1.83865671
107,plate-01,F01,LR0019,cond000,LR0019 Media-00261 0.6,isovalerate,210nm,0.0,0.0,0.0,0.0,0.0,0.0,exp-741748223893,LR0019,cond000,0.11753333918750286,2.350666783750057,0.04216666705906391,0.8433333411812782,0.0
108,plate-01,F01,LR0019,cond000,LR0019 Media-00261 0.6,isovalerate,RI,0.0,0.0,0.0,0.388717422848185,0.0,0.388717422848185,exp-741748223893,LR0019,cond000,0.11753333918750286,2.350666783750057,0.04216666705906391,0.8433333411812782,0.388717422848185
109,plate-01,F01,LR0019,cond000,LR0019 Media-00261 0.6,lactate,210nm,0.0,0.0,0.0,29.3598992530579,0.0,29.3598992530579,exp-741748223893,LR0019,cond000,0.11753333918750286,2.350666783750057,0.04216666705906391,0.8433333411812782,29.3598992530579
110,plate-01,F01,LR0019,cond000,LR0019 Media-00261 0.6,lactate,RI,0.0,0.0,0.0,31.2942233139988,0.0,31.2942233139988,exp-741748223893,LR0019,cond000,0.11753333918750286,2.350666783750057,0.04216666705906391,0.8433333411812782,31.2942233139988
111,plate-01,F01,LR0019,cond000,LR0019 Media-00261 0.6,lactose,RI,0.0,0.0,0.0,9.41447967466002,0.0,9.41447967466002,exp-741748223893,LR0019,cond000,0.11753333918750286,2.350666783750057,0.04216666705906391,0.8433333411812782,9.41447967466002
112,plate-01,F01,LR0019,cond000,LR0019 Media-00261 0.6,n-butanol,RI,0.0,0.0,0.0,0.0,0.0,0.0,exp-741748223893,LR0019,cond000,0.11753333918750286,2.350666783750057,0.04216666705906391,0.8433333411812782,0.0
113,plate-01,F01,LR0019,cond000,LR0019 Media-00261 0.6,n-propanol,RI,0.0,0.0,0.0,0.0,0.0,0.0,exp-741748223893,LR0019,cond000,0.11753333918750286,2.350666783750057,0.04216666705906391,0.8433333411812782,0.0
114,plate-01,F01,LR0019,cond000,LR0019 Media-00261 0.6,propionate,210nm,0.0,0.0,0.0,1.99337768477107,0.32395357529186,1.66942410947921,exp-741748223893,LR0019,cond000,0.11753333918750286,2.350666783750057,0.04216666705906391,0.8433333411812782,1.66942410947921
115,plate-01,F01,LR0019,cond000,LR0019 Media-00261 0.6,propionate,RI,0.0,0.0,0.0,0.0,0.0,0.0,exp-741748223893,LR0019,cond000,0.11753333918750286,2.350666783750057,0.04216666705906391,0.8433333411812782,0.0
116,plate-01,F01,LR0019,cond000,LR0019 Media-00261 0.6,succinate,210nm,0.0,0.0,0.0,2.05115021013016,0.0,2.05115021013016,exp-741748223893,LR0019,cond000,0.11753333918750286,2.350666783750057,0.04216666705906391,0.8433333411812782,2.05115021013016
117,plate-01,F01,LR0019,cond000,LR0019 Media-00261 0.6,succinate,RI,0.0,0.0,0.0,1.6907695059186,0.0,1.6907695059186,exp-741748223893,LR0019,cond000,0.11753333918750286,2.350666783750057,0.04216666705906391,0.8433333411812782,1.6907695059186
118,plate-01,F01,LR0019,cond000,LR0019 Media-00261 0.6,valerate,210nm,0.0,0.0,0.0,0.0,0.0,0.0,exp-741748223893,LR0019,cond000,0.11753333918750286,2.350666783750057,0.04216666705906391,0.8433333411812782,0.0
119,plate-01,F01,LR0019,cond000,LR0019 Media-00261 0.6,valerate,RI,0.0,0.0,0.0,0.185711906436847,0.0,0.185711906436847,exp-741748223893,LR0019,cond000,0.11753333918750286,2.350666783750057,0.04216666705906391,0.8433333411812782,0.185711906436847
120,plate-01,A03,None,cond000,None Media-00261 0.6,"1,2-propanediol",RI,0.0,0.0,0.0,0.0,0.0,0.0,exp-741748223893,None,cond000,0.0001333337277173996,0.002666674554347992,0.04216666705906391,0.8433333411812782,0.0
121,plate-01,A03,None,cond000,None Media-00261 0.6,acetate,210nm,0.59946909,0.0,0.59946909,1.44020887381108,0.0,1.44020887381108,exp-741748223893,None,cond000,0.0001333337277173996,0.002666674554347992,0.04216666705906391,0.8433333411812782,0.84073978381108
122,plate-01,A03,None,cond000,None Media-00261 0.6,acetate,RI,0.59946909,0.0,0.59946909,1.45795650839321,0.0,1.45795650839321,exp-741748223893,None,cond000,0.0001333337277173996,0.002666674554347992,0.04216666705906391,0.8433333411812782,0.85848741839321
123,plate-01,A03,None,cond000,None Media-00261 0.6,ethanol,RI,0.0,0.0,0.0,2.31827342370775,0.0,2.31827342370775,exp-741748223893,None,cond000,0.0001333337277173996,0.002666674554347992,0.04216666705906391,0.8433333411812782,2.31827342370775
124,plate-01,A03,None,cond000,None Media-00261 0.6,galactose,RI,0.0,0.0,0.0,10.779527175699,0.0,10.779527175699,exp-741748223893,None,cond000,0.0001333337277173996,0.002666674554347992,0.04216666705906391,0.8433333411812782,10.779527175699
125,plate-01,A03,None,cond000,None Media-00261 0.6,glucose,RI,0.0,0.0,0.0,0.463728075831684,0.0,0.463728075831684,exp-741748223893,None,cond000,0.0001333337277173996,0.002666674554347992,0.04216666705906391,0.8433333411812782,0.463728075831684
126,plate-01,A03,None,cond000,None Media-00261 0.6,glycerol,RI,1.83865671,0.0,1.83865671,2.05262258265856,0.0,2.05262258265856,exp-741748223893,None,cond000,0.0001333337277173996,0.002666674554347992,0.04216666705906391,0.8433333411812782,0.21396587265856004
127,plate-01,A03,None,cond000,None Media-00261 0.6,isovalerate,210nm,0.0,0.0,0.0,0.0,0.0,0.0,exp-741748223893,None,cond000,0.0001333337277173996,0.002666674554347992,0.04216666705906391,0.8433333411812782,0.0
128,plate-01,A03,None,cond000,None Media-00261 0.6,isovalerate,RI,0.0,0.0,0.0,0.0,0.0,0.0,exp-741748223893,None,cond000,0.0001333337277173996,0.002666674554347992,0.04216666705906391,0.8433333411812782,0.0
129,plate-01,A03,None,cond000,None Media-00261 0.6,lactate,210nm,0.0,0.0,0.0,15.075166223505,0.0,15.075166223505,exp-741748223893,None,cond000,0.0001333337277173996,0.002666674554347992,0.04216666705906391,0.8433333411812782,15.075166223505
130,plate-01,A03,None,cond000,None Media-00261 0.6,lactate,RI,0.0,0.0,0.0,15.3415580315119,0.0,15.3415580315119,exp-741748223893,None,cond000,0.0001333337277173996,0.002666674554347992,0.04216666705906391,0.8433333411812782,15.3415580315119
131,plate-01,A03,None,cond000,None Media-00261 0.6,lactose,RI,0.0,0.0,0.0,34.9573229402107,0.0,34.9573229402107,exp-741748223893,None,cond000,0.0001333337277173996,0.002666674554347992,0.04216666705906391,0.8433333411812782,34.9573229402107
132,plate-01,A03,None,cond000,None Media-00261 0.6,n-butanol,RI,0.0,0.0,0.0,0.0,0.0,0.0,exp-741748223893,None,cond000,0.0001333337277173996,0.002666674554347992,0.04216666705906391,0.8433333411812782,0.0
133,plate-01,A03,None,cond000,None Media-00261 0.6,n-propanol,RI,0.0,0.0,0.0,0.0,0.0,0.0,exp-741748223893,None,cond000,0.0001333337277173996,0.002666674554347992,0.04216666705906391,0.8433333411812782,0.0
134,plate-01,A03,None,cond000,None Media-00261 0.6,propionate,210nm,0.0,0.0,0.0,0.430756657789736,0.32395357529186,0.10680308249787601,exp-741748223893,None,cond000,0.0001333337277173996,0.002666674554347992,0.04216666705906391,0.8433333411812782,0.10680308249787601
135,plate-01,A03,None,cond000,None Media-00261 0.6,propionate,RI,0.0,0.0,0.0,0.0,0.0,0.0,exp-741748223893,None,cond000,0.0001333337277173996,0.002666674554347992,0.04216666705906391,0.8433333411812782,0.0
136,plate-01,A03,None,cond000,None Media-00261 0.6,succinate,210nm,0.0,0.0,0.0,0.481895433906712,0.0,0.481895433906712,exp-741748223893,None,cond000,0.0001333337277173996,0.002666674554347992,0.04216666705906391,0.8433333411812782,0.481895433906712
137,plate-01,A03,None,cond000,None Media-00261 0.6,succinate,RI,0.0,0.0,0.0,0.157742782290311,0.0,0.157742782290311,exp-741748223893,None,cond000,0.0001333337277173996,0.002666674554347992,0.04216666705906391,0.8433333411812782,0.157742782290311
138,plate-01,A03,None,cond000,None Media-00261 0.6,valerate,210nm,0.0,0.0,0.0,0.0,0.0,0.0,exp-741748223893,None,cond000,0.0001333337277173996,0.002666674554347992,0.04216666705906391,0.8433333411812782,0.0
139,plate-01,A03,None,cond000,None Media-00261 0.6,valerate,RI,0.0,0.0,0.0,0.0,0.0,0.0,exp-741748223893,None,cond000,0.0001333337277173996,0.002666674554347992,0.04216666705906391,0.8433333411812782,0.0
140,plate-01,A05,LR0019,cond001,LR0019 Media-00262 0.6,"1,2-propanediol",RI,0.0,0.0,0.0,0.0,0.0,0.0,exp-741748223893,LR0019,cond001,0.14014999940991402,2.8029999881982803,0.04114999994635582,0.8229999989271164,0.0
141,plate-01,A05,LR0019,cond001,LR0019 Media-00262 0.6,acetate,210nm,0.59946909,0.0,0.59946909,4.06310158417196,0.0,4.06310158417196,exp-741748223893,LR0019,cond001,0.14014999940991402,2.8029999881982803,0.04114999994635582,0.8229999989271164,3.4636324941719603
142,plate-01,A05,LR0019,cond001,LR0019 Media-00262 0.6,acetate,RI,0.59946909,0.0,0.59946909,4.1377515971834,0.0,4.1377515971834,exp-741748223893,LR0019,cond001,0.14014999940991402,2.8029999881982803,0.04114999994635582,0.8229999989271164,3.5382825071834003
143,plate-01,A05,LR0019,cond001,LR0019 Media-00262 0.6,ethanol,RI,0.0,0.0,0.0,2.82597449993231,0.0,2.82597449993231,exp-741748223893,LR0019,cond001,0.14014999940991402,2.8029999881982803,0.04114999994635582,0.8229999989271164,2.82597449993231
144,plate-01,A05,LR0019,cond001,LR0019 Media-00262 0.6,galactose,RI,0.0,0.0,0.0,2.08653886326979,0.0,2.08653886326979,exp-741748223893,LR0019,cond001,0.14014999940991402,2.8029999881982803,0.04114999994635582,0.8229999989271164,2.08653886326979
145,plate-01,A05,LR0019,cond001,LR0019 Media-00262 0.6,glucose,RI,0.0,0.0,0.0,0.942842896970313,0.0,0.942842896970313,exp-741748223893,LR0019,cond001,0.14014999940991402,2.8029999881982803,0.04114999994635582,0.8229999989271164,0.942842896970313
146,plate-01,A05,LR0019,cond001,LR0019 Media-00262 0.6,glycerol,RI,1.83865671,0.0,1.83865671,0.0,0.0,0.0,exp-741748223893,LR0019,cond001,0.14014999940991402,2.8029999881982803,0.04114999994635582,0.8229999989271164,-1.83865671
147,plate-01,A05,LR0019,cond001,LR0019 Media-00262 0.6,isovalerate,210nm,0.0,0.0,0.0,0.190067201839493,0.0,0.190067201839493,exp-741748223893,LR0019,cond001,0.14014999940991402,2.8029999881982803,0.04114999994635582,0.8229999989271164,0.190067201839493
148,plate-01,A05,LR0019,cond001,LR0019 Media-00262 0.6,isovalerate,RI,0.0,0.0,0.0,0.376468932177892,0.0,0.376468932177892,exp-741748223893,LR0019,cond001,0.14014999940991402,2.8029999881982803,0.04114999994635582,0.8229999989271164,0.376468932177892
149,plate-01,A05,LR0019,cond001,LR0019 Media-00262 0.6,lactate,210nm,0.0,0.0,0.0,28.0176750878347,0.0,28.0176750878347,exp-741748223893,LR0019,cond001,0.14014999940991402,2.8029999881982803,0.04114999994635582,0.8229999989271164,28.0176750878347
150,plate-01,A05,LR0019,cond001,LR0019 Media-00262 0.6,lactate,RI,0.0,0.0,0.0,29.5466571573571,0.0,29.5466571573571,exp-741748223893,LR0019,cond001,0.14014999940991402,2.8029999881982803,0.04114999994635582,0.8229999989271164,29.5466571573571
151,plate-01,A05,LR0019,cond001,LR0019 Media-00262 0.6,lactose,RI,0.0,0.0,0.0,23.4808015909324,0.0,23.4808015909324,exp-741748223893,LR0019,cond001,0.14014999940991402,2.8029999881982803,0.04114999994635582,0.8229999989271164,23.4808015909324
152,plate-01,A05,LR0019,cond001,LR0019 Media-00262 0.6,n-butanol,RI,0.0,0.0,0.0,0.0,0.0,0.0,exp-741748223893,LR0019,cond001,0.14014999940991402,2.8029999881982803,0.04114999994635582,0.8229999989271164,0.0
153,plate-01,A05,LR0019,cond001,LR0019 Media-00262 0.6,n-propanol,RI,0.0,0.0,0.0,0.0,0.0,0.0,exp-741748223893,LR0019,cond001,0.14014999940991402,2.8029999881982803,0.04114999994635582,0.8229999989271164,0.0
154,plate-01,A05,LR0019,cond001,LR0019 Media-00262 0.6,propionate,210nm,0.0,0.0,0.0,1.86949510701313,0.32395357529186,1.5455415317212702,exp-741748223893,LR0019,cond001,0.14014999940991402,2.8029999881982803,0.04114999994635582,0.8229999989271164,1.5455415317212702
155,plate-01,A05,LR0019,cond001,LR0019 Media-00262 0.6,propionate,RI,0.0,0.0,0.0,0.0,0.0,0.0,exp-741748223893,LR0019,cond001,0.14014999940991402,2.8029999881982803,0.04114999994635582,0.8229999989271164,0.0
156,plate-01,A05,LR0019,cond001,LR0019 Media-00262 0.6,succinate,210nm,0.0,0.0,0.0,3.08295184491495,0.0,3.08295184491495,exp-741748223893,LR0019,cond001,0.14014999940991402,2.8029999881982803,0.04114999994635582,0.8229999989271164,3.08295184491495
157,plate-01,A05,LR0019,cond001,LR0019 Media-00262 0.6,succinate,RI,0.0,0.0,0.0,1.95210866863018,0.0,1.95210866863018,exp-741748223893,LR0019,cond001,0.14014999940991402,2.8029999881982803,0.04114999994635582,0.8229999989271164,1.95210866863018
158,plate-01,A05,LR0019,cond001,LR0019 Media-00262 0.6,valerate,210nm,0.0,0.0,0.0,0.0,0.0,0.0,exp-741748223893,LR0019,cond001,0.14014999940991402,2.8029999881982803,0.04114999994635582,0.8229999989271164,0.0
159,plate-01,A05,LR0019,cond001,LR0019 Media-00262 0.6,valerate,RI,0.0,0.0,0.0,0.268429105687784,0.0,0.268429105687784,exp-741748223893,LR0019,cond001,0.14014999940991402,2.8029999881982803,0.04114999994635582,0.8229999989271164,0.268429105687784
160,plate-01,B05,LR0019,cond001,LR0019 Media-00262 0.6,"1,2-propanediol",RI,0.0,0.0,0.0,0.0,0.0,0.0,exp-741748223893,LR0019,cond001,0.13464999571442604,2.692999914288521,0.04114999994635582,0.8229999989271164,0.0
161,plate-01,B05,LR0019,cond001,LR0019 Media-00262 0.6,acetate,210nm,0.59946909,0.0,0.59946909,3.28992543288744,0.0,3.28992543288744,exp-741748223893,LR0019,cond001,0.13464999571442604,2.692999914288521,0.04114999994635582,0.8229999989271164,2.69045634288744
162,plate-01,B05,LR0019,cond001,LR0019 Media-00262 0.6,acetate,RI,0.59946909,0.0,0.59946909,3.35145210248204,0.0,3.35145210248204,exp-741748223893,LR0019,cond001,0.13464999571442604,2.692999914288521,0.04114999994635582,0.8229999989271164,2.75198301248204
163,plate-01,B05,LR0019,cond001,LR0019 Media-00262 0.6,ethanol,RI,0.0,0.0,0.0,2.26356933633714,0.0,2.26356933633714,exp-741748223893,LR0019,cond001,0.13464999571442604,2.692999914288521,0.04114999994635582,0.8229999989271164,2.26356933633714
164,plate-01,B05,LR0019,cond001,LR0019 Media-00262 0.6,galactose,RI,0.0,0.0,0.0,1.03300245794729,0.0,1.03300245794729,exp-741748223893,LR0019,cond001,0.13464999571442604,2.692999914288521,0.04114999994635582,0.8229999989271164,1.03300245794729
165,plate-01,B05,LR0019,cond001,LR0019 Media-00262 0.6,glucose,RI,0.0,0.0,0.0,1.19228407004714,0.0,1.19228407004714,exp-741748223893,LR0019,cond001,0.13464999571442604,2.692999914288521,0.04114999994635582,0.8229999989271164,1.19228407004714
166,plate-01,B05,LR0019,cond001,LR0019 Media-00262 0.6,glycerol,RI,1.83865671,0.0,1.83865671,0.0,0.0,0.0,exp-741748223893,LR0019,cond001,0.13464999571442604,2.692999914288521,0.04114999994635582,0.8229999989271164,-1.83865671
167,plate-01,B05,LR0019,cond001,LR0019 Media-00262 0.6,isovalerate,210nm,0.0,0.0,0.0,0.0885666263569106,0.0,0.0885666263569106,exp-741748223893,LR0019,cond001,0.13464999571442604,2.692999914288521,0.04114999994635582,0.8229999989271164,0.0885666263569106
168,plate-01,B05,LR0019,cond001,LR0019 Media-00262 0.6,isovalerate,RI,0.0,0.0,0.0,0.199350006169984,0.0,0.199350006169984,exp-741748223893,LR0019,cond001,0.13464999571442604,2.692999914288521,0.04114999994635582,0.8229999989271164,0.199350006169984
169,plate-01,B05,LR0019,cond001,LR0019 Media-00262 0.6,lactate,210nm,0.0,0.0,0.0,24.3750879236293,0.0,24.3750879236293,exp-741748223893,LR0019,cond001,0.13464999571442604,2.692999914288521,0.04114999994635582,0.8229999989271164,24.3750879236293
170,plate-01,B05,LR0019,cond001,LR0019 Media-00262 0.6,lactate,RI,0.0,0.0,0.0,25.6647609330994,0.0,25.6647609330994,exp-741748223893,LR0019,cond001,0.13464999571442604,2.692999914288521,0.04114999994635582,0.8229999989271164,25.6647609330994
171,plate-01,B05,LR0019,cond001,LR0019 Media-00262 0.6,lactose,RI,0.0,0.0,0.0,16.0800679860866,0.0,16.0800679860866,exp-741748223893,LR0019,cond001,0.13464999571442604,2.692999914288521,0.04114999994635582,0.8229999989271164,16.0800679860866
172,plate-01,B05,LR0019,cond001,LR0019 Media-00262 0.6,n-butanol,RI,0.0,0.0,0.0,0.0,0.0,0.0,exp-741748223893,LR0019,cond001,0.13464999571442604,2.692999914288521,0.04114999994635582,0.8229999989271164,0.0
173,plate-01,B05,LR0019,cond001,LR0019 Media-00262 0.6,n-propanol,RI,0.0,0.0,0.0,0.0,0.0,0.0,exp-741748223893,LR0019,cond001,0.13464999571442604,2.692999914288521,0.04114999994635582,0.8229999989271164,0.0
174,plate-01,B05,LR0019,cond001,LR0019 Media-00262 0.6,propionate,210nm,0.0,0.0,0.0,1.59107386058938,0.32395357529186,1.26712028529752,exp-741748223893,LR0019,cond001,0.13464999571442604,2.692999914288521,0.04114999994635582,0.8229999989271164,1.26712028529752
175,plate-01,B05,LR0019,cond001,LR0019 Media-00262 0.6,propionate,RI,0.0,0.0,0.0,0.0,0.0,0.0,exp-741748223893,LR0019,cond001,0.13464999571442604,2.692999914288521,0.04114999994635582,0.8229999989271164,0.0
176,plate-01,B05,LR0019,cond001,LR0019 Media-00262 0.6,succinate,210nm,0.0,0.0,0.0,2.18043902730983,0.0,2.18043902730983,exp-741748223893,LR0019,cond001,0.13464999571442604,2.692999914288521,0.04114999994635582,0.8229999989271164,2.18043902730983
177,plate-01,B05,LR0019,cond001,LR0019 Media-00262 0.6,succinate,RI,0.0,0.0,0.0,1.6596327620922,0.0,1.6596327620922,exp-741748223893,LR0019,cond001,0.13464999571442604,2.692999914288521,0.04114999994635582,0.8229999989271164,1.6596327620922
178,plate-01,B05,LR0019,cond001,LR0019 Media-00262 0.6,valerate,210nm,0.0,0.0,0.0,0.0,0.0,0.0,exp-741748223893,LR0019,cond001,0.13464999571442604,2.692999914288521,0.04114999994635582,0.8229999989271164,0.0
179,plate-01,B05,LR0019,cond001,LR0019 Media-00262 0.6,valerate,RI,0.0,0.0,0.0,0.12274685125322,0.0,0.12274685125322,exp-741748223893,LR0019,cond001,0.13464999571442604,2.692999914288521,0.04114999994635582,0.8229999989271164,0.12274685125322
180,plate-01,C05,LR0019,cond001,LR0019 Media-00262 0.6,"1,2-propanediol",RI,0.0,0.0,0.0,0.0,0.0,0.0,exp-741748223893,LR0019,cond001,0.1482500024139881,2.9650000482797623,0.04114999994635582,0.8229999989271164,0.0
181,plate-01,C05,LR0019,cond001,LR0019 Media-00262 0.6,acetate,210nm,0.59946909,0.0,0.59946909,3.4242804413992,0.0,3.4242804413992,exp-741748223893,LR0019,cond001,0.1482500024139881,2.9650000482797623,0.04114999994635582,0.8229999989271164,2.8248113513992
182,plate-01,C05,LR0019,cond001,LR0019 Media-00262 0.6,acetate,RI,0.59946909,0.0,0.59946909,3.53389246239458,0.0,3.53389246239458,exp-741748223893,LR0019,cond001,0.1482500024139881,2.9650000482797623,0.04114999994635582,0.8229999989271164,2.9344233723945803
183,plate-01,C05,LR0019,cond001,LR0019 Media-00262 0.6,ethanol,RI,0.0,0.0,0.0,3.45085301854859,0.0,3.45085301854859,exp-741748223893,LR0019,cond001,0.1482500024139881,2.9650000482797623,0.04114999994635582,0.8229999989271164,3.45085301854859
184,plate-01,C05,LR0019,cond001,LR0019 Media-00262 0.6,galactose,RI,0.0,0.0,0.0,1.20296955602979,0.0,1.20296955602979,exp-741748223893,LR0019,cond001,0.1482500024139881,2.9650000482797623,0.04114999994635582,0.8229999989271164,1.20296955602979
185,plate-01,C05,LR0019,cond001,LR0019 Media-00262 0.6,glucose,RI,0.0,0.0,0.0,0.856501321655068,0.0,0.856501321655068,exp-741748223893,LR0019,cond001,0.1482500024139881,2.9650000482797623,0.04114999994635582,0.8229999989271164,0.856501321655068
186,plate-01,C05,LR0019,cond001,LR0019 Media-00262 0.6,glycerol,RI,1.83865671,0.0,1.83865671,0.0,0.0,0.0,exp-741748223893,LR0019,cond001,0.1482500024139881,2.9650000482797623,0.04114999994635582,0.8229999989271164,-1.83865671
187,plate-01,C05,LR0019,cond001,LR0019 Media-00262 0.6,isovalerate,210nm,0.0,0.0,0.0,0.0671383687119058,0.0,0.0671383687119058,exp-741748223893,LR0019,cond001,0.1482500024139881,2.9650000482797623,0.04114999994635582,0.8229999989271164,0.0671383687119058
188,plate-01,C05,LR0019,cond001,LR0019 Media-00262 0.6,isovalerate,RI,0.0,0.0,0.0,0.0,0.0,0.0,exp-741748223893,LR0019,cond001,0.1482500024139881,2.9650000482797623,0.04114999994635582,0.8229999989271164,0.0
189,plate-01,C05,LR0019,cond001,LR0019 Media-00262 0.6,lactate,210nm,0.0,0.0,0.0,24.2595237583137,0.0,24.2595237583137,exp-741748223893,LR0019,cond001,0.1482500024139881,2.9650000482797623,0.04114999994635582,0.8229999989271164,24.2595237583137
190,plate-01,C05,LR0019,cond001,LR0019 Media-00262 0.6,lactate,RI,0.0,0.0,0.0,25.4444680413903,0.0,25.4444680413903,exp-741748223893,LR0019,cond001,0.1482500024139881,2.9650000482797623,0.04114999994635582,0.8229999989271164,25.4444680413903
191,plate-01,C05,LR0019,cond001,LR0019 Media-00262 0.6,lactose,RI,0.0,0.0,0.0,17.9928855274618,0.0,17.9928855274618,exp-741748223893,LR0019,cond001,0.1482500024139881,2.9650000482797623,0.04114999994635582,0.8229999989271164,17.9928855274618
192,plate-01,C05,LR0019,cond001,LR0019 Media-00262 0.6,n-butanol,RI,0.0,0.0,0.0,0.0,0.0,0.0,exp-741748223893,LR0019,cond001,0.1482500024139881,2.9650000482797623,0.04114999994635582,0.8229999989271164,0.0
193,plate-01,C05,LR0019,cond001,LR0019 Media-00262 0.6,n-propanol,RI,0.0,0.0,0.0,0.0,0.0,0.0,exp-741748223893,LR0019,cond001,0.1482500024139881,2.9650000482797623,0.04114999994635582,0.8229999989271164,0.0
194,plate-01,C05,LR0019,cond001,LR0019 Media-00262 0.6,propionate,210nm,0.0,0.0,0.0,1.59500566774832,0.32395357529186,1.27105209245646,exp-741748223893,LR0019,cond001,0.1482500024139881,2.9650000482797623,0.04114999994635582,0.8229999989271164,1.27105209245646
195,plate-01,C05,LR0019,cond001,LR0019 Media-00262 0.6,propionate,RI,0.0,0.0,0.0,0.0,0.0,0.0,exp-741748223893,LR0019,cond001,0.1482500024139881,2.9650000482797623,0.04114999994635582,0.8229999989271164,0.0
196,plate-01,C05,LR0019,cond001,LR0019 Media-00262 0.6,succinate,210nm,0.0,0.0,0.0,2.23660240584031,0.0,2.23660240584031,exp-741748223893,LR0019,cond001,0.1482500024139881,2.9650000482797623,0.04114999994635582,0.8229999989271164,2.23660240584031
197,plate-01,C05,LR0019,cond001,LR0019 Media-00262 0.6,succinate,RI,0.0,0.0,0.0,1.70227565521993,0.0,1.70227565521993,exp-741748223893,LR0019,cond001,0.1482500024139881,2.9650000482797623,0.04114999994635582,0.8229999989271164,1.70227565521993
198,plate-01,C05,LR0019,cond001,LR0019 Media-00262 0.6,valerate,210nm,0.0,0.0,0.0,0.0,0.0,0.0,exp-741748223893,LR0019,cond001,0.1482500024139881,2.9650000482797623,0.04114999994635582,0.8229999989271164,0.0
199,plate-01,C05,LR0019,cond001,LR0019 Media-00262 0.6,valerate,RI,0.0,0.0,0.0,0.0,0.0,0.0,exp-741748223893,LR0019,cond001,0.1482500024139881,2.9650000482797623,0.04114999994635582,0.8229999989271164,0.0
200,plate-01,D05,LR0019,cond001,LR0019 Media-00262 0.6,"1,2-propanediol",RI,0.0,0.0,0.0,0.0,0.0,0.0,exp-741748223893,LR0019,cond001,0.14135000482201576,2.8270000964403152,0.04114999994635582,0.8229999989271164,0.0
201,plate-01,D05,LR0019,cond001,LR0019 Media-00262 0.6,acetate,210nm,0.59946909,0.0,0.59946909,3.52923334774676,0.0,3.52923334774676,exp-741748223893,LR0019,cond001,0.14135000482201576,2.8270000964403152,0.04114999994635582,0.8229999989271164,2.92976425774676
202,plate-01,D05,LR0019,cond001,LR0019 Media-00262 0.6,acetate,RI,0.59946909,0.0,0.59946909,3.59195405677658,0.0,3.59195405677658,exp-741748223893,LR0019,cond001,0.14135000482201576,2.8270000964403152,0.04114999994635582,0.8229999989271164,2.9924849667765803
203,plate-01,D05,LR0019,cond001,LR0019 Media-00262 0.6,ethanol,RI,0.0,0.0,0.0,2.83259724221629,0.0,2.83259724221629,exp-741748223893,LR0019,cond001,0.14135000482201576,2.8270000964403152,0.04114999994635582,0.8229999989271164,2.83259724221629
204,plate-01,D05,LR0019,cond001,LR0019 Media-00262 0.6,galactose,RI,0.0,0.0,0.0,1.33207301305704,0.0,1.33207301305704,exp-741748223893,LR0019,cond001,0.14135000482201576,2.8270000964403152,0.04114999994635582,0.8229999989271164,1.33207301305704
205,plate-01,D05,LR0019,cond001,LR0019 Media-00262 0.6,glucose,RI,0.0,0.0,0.0,0.804236641513675,0.0,0.804236641513675,exp-741748223893,LR0019,cond001,0.14135000482201576,2.8270000964403152,0.04114999994635582,0.8229999989271164,0.804236641513675
206,plate-01,D05,LR0019,cond001,LR0019 Media-00262 0.6,glycerol,RI,1.83865671,0.0,1.83865671,0.0,0.0,0.0,exp-741748223893,LR0019,cond001,0.14135000482201576,2.8270000964403152,0.04114999994635582,0.8229999989271164,-1.83865671
207,plate-01,D05,LR0019,cond001,LR0019 Media-00262 0.6,isovalerate,210nm,0.0,0.0,0.0,0.0,0.0,0.0,exp-741748223893,LR0019,cond001,0.14135000482201576,2.8270000964403152,0.04114999994635582,0.8229999989271164,0.0
208,plate-01,D05,LR0019,cond001,LR0019 Media-00262 0.6,isovalerate,RI,0.0,0.0,0.0,0.0,0.0,0.0,exp-741748223893,LR0019,cond001,0.14135000482201576,2.8270000964403152,0.04114999994635582,0.8229999989271164,0.0
209,plate-01,D05,LR0019,cond001,LR0019 Media-00262 0.6,lactate,210nm,0.0,0.0,0.0,24.5689740078601,0.0,24.5689740078601,exp-741748223893,LR0019,cond001,0.14135000482201576,2.8270000964403152,0.04114999994635582,0.8229999989271164,24.5689740078601
210,plate-01,D05,LR0019,cond001,LR0019 Media-00262 0.6,lactate,RI,0.0,0.0,0.0,25.7501441343398,0.0,25.7501441343398,exp-741748223893,LR0019,cond001,0.14135000482201576,2.8270000964403152,0.04114999994635582,0.8229999989271164,25.7501441343398
211,plate-01,D05,LR0019,cond001,LR0019 Media-00262 0.6,lactose,RI,0.0,0.0,0.0,18.9528941377017,0.0,18.9528941377017,exp-741748223893,LR0019,cond001,0.14135000482201576,2.8270000964403152,0.04114999994635582,0.8229999989271164,18.9528941377017
212,plate-01,D05,LR0019,cond001,LR0019 Media-00262 0.6,n-butanol,RI,0.0,0.0,0.0,0.0,0.0,0.0,exp-741748223893,LR0019,cond001,0.14135000482201576,2.8270000964403152,0.04114999994635582,0.8229999989271164,0.0
213,plate-01,D05,LR0019,cond001,LR0019 Media-00262 0.6,n-propanol,RI,0.0,0.0,0.0,2.32990620029791,0.0,2.32990620029791,exp-741748223893,LR0019,cond001,0.14135000482201576,2.8270000964403152,0.04114999994635582,0.8229999989271164,2.32990620029791
214,plate-01,D05,LR0019,cond001,LR0019 Media-00262 0.6,propionate,210nm,0.0,0.0,0.0,1.60166878888072,0.32395357529186,1.27771521358886,exp-741748223893,LR0019,cond001,0.14135000482201576,2.8270000964403152,0.04114999994635582,0.8229999989271164,1.27771521358886
215,plate-01,D05,LR0019,cond001,LR0019 Media-00262 0.6,propionate,RI,0.0,0.0,0.0,0.0,0.0,0.0,exp-741748223893,LR0019,cond001,0.14135000482201576,2.8270000964403152,0.04114999994635582,0.8229999989271164,0.0
216,plate-01,D05,LR0019,cond001,LR0019 Media-00262 0.6,succinate,210nm,0.0,0.0,0.0,2.2996671067812,0.0,2.2996671067812,exp-741748223893,LR0019,cond001,0.14135000482201576,2.8270000964403152,0.04114999994635582,0.8229999989271164,2.2996671067812
217,plate-01,D05,LR0019,cond001,LR0019 Media-00262 0.6,succinate,RI,0.0,0.0,0.0,1.72618457094716,0.0,1.72618457094716,exp-741748223893,LR0019,cond001,0.14135000482201576,2.8270000964403152,0.04114999994635582,0.8229999989271164,1.72618457094716
218,plate-01,D05,LR0019,cond001,LR0019 Media-00262 0.6,valerate,210nm,0.0,0.0,0.0,0.0,0.0,0.0,exp-741748223893,LR0019,cond001,0.14135000482201576,2.8270000964403152,0.04114999994635582,0.8229999989271164,0.0
219,plate-01,D05,LR0019,cond001,LR0019 Media-00262 0.6,valerate,RI,0.0,0.0,0.0,0.117346866058905,0.0,0.117346866058905,exp-741748223893,LR0019,cond001,0.14135000482201576,2.8270000964403152,0.04114999994635582,0.8229999989271164,0.117346866058905
220,plate-01,E05,LR0019,cond001,LR0019 Media-00262 0.6,"1,2-propanediol",RI,0.0,0.0,0.0,0.0,0.0,0.0,exp-741748223893,LR0019,cond001,0.1344500072300434,2.6890001446008682,0.04114999994635582,0.8229999989271164,0.0
221,plate-01,E05,LR0019,cond001,LR0019 Media-00262 0.6,acetate,210nm,0.59946909,0.0,0.59946909,3.6678923695182,0.0,3.6678923695182,exp-741748223893,LR0019,cond001,0.1344500072300434,2.6890001446008682,0.04114999994635582,0.8229999989271164,3.0684232795182003
222,plate-01,E05,LR0019,cond001,LR0019 Media-00262 0.6,acetate,RI,0.59946909,0.0,0.59946909,3.79345950802938,0.0,3.79345950802938,exp-741748223893,LR0019,cond001,0.1344500072300434,2.6890001446008682,0.04114999994635582,0.8229999989271164,3.19399041802938
223,plate-01,E05,LR0019,cond001,LR0019 Media-00262 0.6,ethanol,RI,0.0,0.0,0.0,4.08908303283037,0.0,4.08908303283037,exp-741748223893,LR0019,cond001,0.1344500072300434,2.6890001446008682,0.04114999994635582,0.8229999989271164,4.08908303283037
224,plate-01,E05,LR0019,cond001,LR0019 Media-00262 0.6,galactose,RI,0.0,0.0,0.0,1.37800761012314,0.0,1.37800761012314,exp-741748223893,LR0019,cond001,0.1344500072300434,2.6890001446008682,0.04114999994635582,0.8229999989271164,1.37800761012314
225,plate-01,E05,LR0019,cond001,LR0019 Media-00262 0.6,glucose,RI,0.0,0.0,0.0,0.840358526818498,0.0,0.840358526818498,exp-741748223893,LR0019,cond001,0.1344500072300434,2.6890001446008682,0.04114999994635582,0.8229999989271164,0.840358526818498
226,plate-01,E05,LR0019,cond001,LR0019 Media-00262 0.6,glycerol,RI,1.83865671,0.0,1.83865671,0.0,0.0,0.0,exp-741748223893,LR0019,cond001,0.1344500072300434,2.6890001446008682,0.04114999994635582,0.8229999989271164,-1.83865671
227,plate-01,E05,LR0019,cond001,LR0019 Media-00262 0.6,isovalerate,210nm,0.0,0.0,0.0,0.0818875510057173,0.0,0.0818875510057173,exp-741748223893,LR0019,cond001,0.1344500072300434,2.6890001446008682,0.04114999994635582,0.8229999989271164,0.0818875510057173
228,plate-01,E05,LR0019,cond001,LR0019 Media-00262 0.6,isovalerate,RI,0.0,0.0,0.0,0.259709024865752,0.0,0.259709024865752,exp-741748223893,LR0019,cond001,0.1344500072300434,2.6890001446008682,0.04114999994635582,0.8229999989271164,0.259709024865752
229,plate-01,E05,LR0019,cond001,LR0019 Media-00262 0.6,lactate,210nm,0.0,0.0,0.0,25.0527363528188,0.0,25.0527363528188,exp-741748223893,LR0019,cond001,0.1344500072300434,2.6890001446008682,0.04114999994635582,0.8229999989271164,25.0527363528188
230,plate-01,E05,LR0019,cond001,LR0019 Media-00262 0.6,lactate,RI,0.0,0.0,0.0,26.2709589658433,0.0,26.2709589658433,exp-741748223893,LR0019,cond001,0.1344500072300434,2.6890001446008682,0.04114999994635582,0.8229999989271164,26.2709589658433
231,plate-01,E05,LR0019,cond001,LR0019 Media-00262 0.6,lactose,RI,0.0,0.0,0.0,19.3415320605499,0.0,19.3415320605499,exp-741748223893,LR0019,cond001,0.1344500072300434,2.6890001446008682,0.04114999994635582,0.8229999989271164,19.3415320605499
232,plate-01,E05,LR0019,cond001,LR0019 Media-00262 0.6,n-butanol,RI,0.0,0.0,0.0,0.0,0.0,0.0,exp-741748223893,LR0019,cond001,0.1344500072300434,2.6890001446008682,0.04114999994635582,0.8229999989271164,0.0
233,plate-01,E05,LR0019,cond001,LR0019 Media-00262 0.6,n-propanol,RI,0.0,0.0,0.0,0.0,0.0,0.0,exp-741748223893,LR0019,cond001,0.1344500072300434,2.6890001446008682,0.04114999994635582,0.8229999989271164,0.0
234,plate-01,E05,LR0019,cond001,LR0019 Media-00262 0.6,propionate,210nm,0.0,0.0,0.0,1.59189884769743,0.32395357529186,1.2679452724055702,exp-741748223893,LR0019,cond001,0.1344500072300434,2.6890001446008682,0.04114999994635582,0.8229999989271164,1.2679452724055702
235,plate-01,E05,LR0019,cond001,LR0019 Media-00262 0.6,propionate,RI,0.0,0.0,0.0,0.0,0.0,0.0,exp-741748223893,LR0019,cond001,0.1344500072300434,2.6890001446008682,0.04114999994635582,0.8229999989271164,0.0
236,plate-01,E05,LR0019,cond001,LR0019 Media-00262 0.6,succinate,210nm,0.0,0.0,0.0,2.33026785106183,0.0,2.33026785106183,exp-741748223893,LR0019,cond001,0.1344500072300434,2.6890001446008682,0.04114999994635582,0.8229999989271164,2.33026785106183
237,plate-01,E05,LR0019,cond001,LR0019 Media-00262 0.6,succinate,RI,0.0,0.0,0.0,1.7648994717534,0.0,1.7648994717534,exp-741748223893,LR0019,cond001,0.1344500072300434,2.6890001446008682,0.04114999994635582,0.8229999989271164,1.7648994717534
238,plate-01,E05,LR0019,cond001,LR0019 Media-00262 0.6,valerate,210nm,0.0,0.0,0.0,0.0,0.0,0.0,exp-741748223893,LR0019,cond001,0.1344500072300434,2.6890001446008682,0.04114999994635582,0.8229999989271164,0.0
239,plate-01,E05,LR0019,cond001,LR0019 Media-00262 0.6,valerate,RI,0.0,0.0,0.0,0.128000064982179,0.0,0.128000064982179,exp-741748223893,LR0019,cond001,0.1344500072300434,2.6890001446008682,0.04114999994635582,0.8229999989271164,0.128000064982179
240,plate-01,F05,LR0019,cond001,LR0019 Media-00262 0.6,"1,2-propanediol",RI,0.0,0.0,0.0,0.0,0.0,0.0,exp-741748223893,LR0019,cond001,0.13664999976754189,2.7329999953508377,0.04114999994635582,0.8229999989271164,0.0
241,plate-01,F05,LR0019,cond001,LR0019 Media-00262 0.6,acetate,210nm,0.59946909,0.0,0.59946909,3.30790538596298,0.0,3.30790538596298,exp-741748223893,LR0019,cond001,0.13664999976754189,2.7329999953508377,0.04114999994635582,0.8229999989271164,2.70843629596298
242,plate-01,F05,LR0019,cond001,LR0019 Media-00262 0.6,acetate,RI,0.59946909,0.0,0.59946909,3.43491649425829,0.0,3.43491649425829,exp-741748223893,LR0019,cond001,0.13664999976754189,2.7329999953508377,0.04114999994635582,0.8229999989271164,2.8354474042582902
243,plate-01,F05,LR0019,cond001,LR0019 Media-00262 0.6,ethanol,RI,0.0,0.0,0.0,2.53925886885376,0.0,2.53925886885376,exp-741748223893,LR0019,cond001,0.13664999976754189,2.7329999953508377,0.04114999994635582,0.8229999989271164,2.53925886885376
244,plate-01,F05,LR0019,cond001,LR0019 Media-00262 0.6,galactose,RI,0.0,0.0,0.0,1.29336765047706,0.0,1.29336765047706,exp-741748223893,LR0019,cond001,0.13664999976754189,2.7329999953508377,0.04114999994635582,0.8229999989271164,1.29336765047706
245,plate-01,F05,LR0019,cond001,LR0019 Media-00262 0.6,glucose,RI,0.0,0.0,0.0,0.991511106990419,0.0,0.991511106990419,exp-741748223893,LR0019,cond001,0.13664999976754189,2.7329999953508377,0.04114999994635582,0.8229999989271164,0.991511106990419
246,plate-01,F05,LR0019,cond001,LR0019 Media-00262 0.6,glycerol,RI,1.83865671,0.0,1.83865671,0.0,0.0,0.0,exp-741748223893,LR0019,cond001,0.13664999976754189,2.7329999953508377,0.04114999994635582,0.8229999989271164,-1.83865671
247,plate-01,F05,LR0019,cond001,LR0019 Media-00262 0.6,isovalerate,210nm,0.0,0.0,0.0,0.0820680665557496,0.0,0.0820680665557496,exp-741748223893,LR0019,cond001,0.13664999976754189,2.7329999953508377,0.04114999994635582,0.8229999989271164,0.0820680665557496
248,plate-01,F05,LR0019,cond001,LR0019 Media-00262 0.6,isovalerate,RI,0.0,0.0,0.0,0.215417037088847,0.0,0.215417037088847,exp-741748223893,LR0019,cond001,0.13664999976754189,2.7329999953508377,0.04114999994635582,0.8229999989271164,0.215417037088847
249,plate-01,F05,LR0019,cond001,LR0019 Media-00262 0.6,lactate,210nm,0.0,0.0,0.0,24.7112599523137,0.0,24.7112599523137,exp-741748223893,LR0019,cond001,0.13664999976754189,2.7329999953508377,0.04114999994635582,0.8229999989271164,24.7112599523137
250,plate-01,F05,LR0019,cond001,LR0019 Media-00262 0.6,lactate,RI,0.0,0.0,0.0,25.9742846220817,0.0,25.9742846220817,exp-741748223893,LR0019,cond001,0.13664999976754189,2.7329999953508377,0.04114999994635582,0.8229999989271164,25.9742846220817
251,plate-01,F05,LR0019,cond001,LR0019 Media-00262 0.6,lactose,RI,0.0,0.0,0.0,17.8545465884453,0.0,17.8545465884453,exp-741748223893,LR0019,cond001,0.13664999976754189,2.7329999953508377,0.04114999994635582,0.8229999989271164,17.8545465884453
252,plate-01,F05,LR0019,cond001,LR0019 Media-00262 0.6,n-butanol,RI,0.0,0.0,0.0,0.0,0.0,0.0,exp-741748223893,LR0019,cond001,0.13664999976754189,2.7329999953508377,0.04114999994635582,0.8229999989271164,0.0
253,plate-01,F05,LR0019,cond001,LR0019 Media-00262 0.6,n-propanol,RI,0.0,0.0,0.0,0.140359339095581,0.0,0.140359339095581,exp-741748223893,LR0019,cond001,0.13664999976754189,2.7329999953508377,0.04114999994635582,0.8229999989271164,0.140359339095581
254,plate-01,F05,LR0019,cond001,LR0019 Media-00262 0.6,propionate,210nm,0.0,0.0,0.0,1.57378253523511,0.32395357529186,1.2498289599432502,exp-741748223893,LR0019,cond001,0.13664999976754189,2.7329999953508377,0.04114999994635582,0.8229999989271164,1.2498289599432502
255,plate-01,F05,LR0019,cond001,LR0019 Media-00262 0.6,propionate,RI,0.0,0.0,0.0,0.0,0.0,0.0,exp-741748223893,LR0019,cond001,0.13664999976754189,2.7329999953508377,0.04114999994635582,0.8229999989271164,0.0
256,plate-01,F05,LR0019,cond001,LR0019 Media-00262 0.6,succinate,210nm,0.0,0.0,0.0,2.27354761543274,0.0,2.27354761543274,exp-741748223893,LR0019,cond001,0.13664999976754189,2.7329999953508377,0.04114999994635582,0.8229999989271164,2.27354761543274
257,plate-01,F05,LR0019,cond001,LR0019 Media-00262 0.6,succinate,RI,0.0,0.0,0.0,1.73522305606866,0.0,1.73522305606866,exp-741748223893,LR0019,cond001,0.13664999976754189,2.7329999953508377,0.04114999994635582,0.8229999989271164,1.73522305606866
258,plate-01,F05,LR0019,cond001,LR0019 Media-00262 0.6,valerate,210nm,0.0,0.0,0.0,0.0,0.0,0.0,exp-741748223893,LR0019,cond001,0.13664999976754189,2.7329999953508377,0.04114999994635582,0.8229999989271164,0.0
259,plate-01,F05,LR0019,cond001,LR0019 Media-00262 0.6,valerate,RI,0.0,0.0,0.0,0.119764458435342,0.0,0.119764458435342,exp-741748223893,LR0019,cond001,0.13664999976754189,2.7329999953508377,0.04114999994635582,0.8229999989271164,0.119764458435342
260,plate-01,A07,None,cond001,None Media-00262 0.6,"1,2-propanediol",RI,0.0,0.0,0.0,0.0,0.0,0.0,exp-741748223893,None,cond001,-0.00034999847412109375,-0.006999969482421875,0.04114999994635582,0.8229999989271164,0.0
261,plate-01,A07,None,cond001,None Media-00262 0.6,acetate,210nm,0.59946909,0.0,0.59946909,1.24958868085873,0.0,1.24958868085873,exp-741748223893,None,cond001,-0.00034999847412109375,-0.006999969482421875,0.04114999994635582,0.8229999989271164,0.65011959085873
262,plate-01,A07,None,cond001,None Media-00262 0.6,acetate,RI,0.59946909,0.0,0.59946909,1.24223223804773,0.0,1.24223223804773,exp-741748223893,None,cond001,-0.00034999847412109375,-0.006999969482421875,0.04114999994635582,0.8229999989271164,0.6427631480477299
263,plate-01,A07,None,cond001,None Media-00262 0.6,ethanol,RI,0.0,0.0,0.0,0.380889863819514,0.0,0.380889863819514,exp-741748223893,None,cond001,-0.00034999847412109375,-0.006999969482421875,0.04114999994635582,0.8229999989271164,0.380889863819514
264,plate-01,A07,None,cond001,None Media-00262 0.6,galactose,RI,0.0,0.0,0.0,6.57275357817528,0.0,6.57275357817528,exp-741748223893,None,cond001,-0.00034999847412109375,-0.006999969482421875,0.04114999994635582,0.8229999989271164,6.57275357817528
265,plate-01,A07,None,cond001,None Media-00262 0.6,glucose,RI,0.0,0.0,0.0,0.0,0.0,0.0,exp-741748223893,None,cond001,-0.00034999847412109375,-0.006999969482421875,0.04114999994635582,0.8229999989271164,0.0
266,plate-01,A07,None,cond001,None Media-00262 0.6,glycerol,RI,1.83865671,0.0,1.83865671,2.01141961945113,0.0,2.01141961945113,exp-741748223893,None,cond001,-0.00034999847412109375,-0.006999969482421875,0.04114999994635582,0.8229999989271164,0.17276290945113004
267,plate-01,A07,None,cond001,None Media-00262 0.6,isovalerate,210nm,0.0,0.0,0.0,0.0,0.0,0.0,exp-741748223893,None,cond001,-0.00034999847412109375,-0.006999969482421875,0.04114999994635582,0.8229999989271164,0.0
268,plate-01,A07,None,cond001,None Media-00262 0.6,isovalerate,RI,0.0,0.0,0.0,0.0,0.0,0.0,exp-741748223893,None,cond001,-0.00034999847412109375,-0.006999969482421875,0.04114999994635582,0.8229999989271164,0.0
269,plate-01,A07,None,cond001,None Media-00262 0.6,lactate,210nm,0.0,0.0,0.0,10.0674160174069,0.0,10.0674160174069,exp-741748223893,None,cond001,-0.00034999847412109375,-0.006999969482421875,0.04114999994635582,0.8229999989271164,10.0674160174069
270,plate-01,A07,None,cond001,None Media-00262 0.6,lactate,RI,0.0,0.0,0.0,9.4467817448221,0.0,9.4467817448221,exp-741748223893,None,cond001,-0.00034999847412109375,-0.006999969482421875,0.04114999994635582,0.8229999989271164,9.4467817448221
271,plate-01,A07,None,cond001,None Media-00262 0.6,lactose,RI,0.0,0.0,0.0,43.3246496520298,0.0,43.3246496520298,exp-741748223893,None,cond001,-0.00034999847412109375,-0.006999969482421875,0.04114999994635582,0.8229999989271164,43.3246496520298
272,plate-01,A07,None,cond001,None Media-00262 0.6,n-butanol,RI,0.0,0.0,0.0,0.0,0.0,0.0,exp-741748223893,None,cond001,-0.00034999847412109375,-0.006999969482421875,0.04114999994635582,0.8229999989271164,0.0
273,plate-01,A07,None,cond001,None Media-00262 0.6,n-propanol,RI,0.0,0.0,0.0,0.0,0.0,0.0,exp-741748223893,None,cond001,-0.00034999847412109375,-0.006999969482421875,0.04114999994635582,0.8229999989271164,0.0
274,plate-01,A07,None,cond001,None Media-00262 0.6,propionate,210nm,0.0,0.0,0.0,0.217150492793984,0.32395357529186,-0.10680308249787598,exp-741748223893,None,cond001,-0.00034999847412109375,-0.006999969482421875,0.04114999994635582,0.8229999989271164,-0.10680308249787598
275,plate-01,A07,None,cond001,None Media-00262 0.6,propionate,RI,0.0,0.0,0.0,0.0,0.0,0.0,exp-741748223893,None,cond001,-0.00034999847412109375,-0.006999969482421875,0.04114999994635582,0.8229999989271164,0.0
276,plate-01,A07,None,cond001,None Media-00262 0.6,succinate,210nm,0.0,0.0,0.0,0.677566236566435,0.0,0.677566236566435,exp-741748223893,None,cond001,-0.00034999847412109375,-0.006999969482421875,0.04114999994635582,0.8229999989271164,0.677566236566435
277,plate-01,A07,None,cond001,None Media-00262 0.6,succinate,RI,0.0,0.0,0.0,0.129059698855606,0.0,0.129059698855606,exp-741748223893,None,cond001,-0.00034999847412109375,-0.006999969482421875,0.04114999994635582,0.8229999989271164,0.129059698855606
278,plate-01,A07,None,cond001,None Media-00262 0.6,valerate,210nm,0.0,0.0,0.0,0.0,0.0,0.0,exp-741748223893,None,cond001,-0.00034999847412109375,-0.006999969482421875,0.04114999994635582,0.8229999989271164,0.0
279,plate-01,A07,None,cond001,None Media-00262 0.6,valerate,RI,0.0,0.0,0.0,0.0,0.0,0.0,exp-741748223893,None,cond001,-0.00034999847412109375,-0.006999969482421875,0.04114999994635582,0.8229999989271164,0.0
